{
  "omega_true": 0.0,
  "omega_hat": 8.68686908958372,
  "delta": 1.0,
  "tau": 0.3141592653589793,
  "phi_hat": 2.729060411453247,
  "k0": 0,
  "head_guess": 8,
  "head_interval": [
    8.0,
    9.0
  ],
  "narrow_selected": [
    8.18686908958372,
    9.0
  ]
}